pid,text data,groundtruth,predict ensemble,predict model 1,predict model 2
test_pid_2607,"Never achieving an academic goal I promised myself to make : The substance of my tremendous issues I had to go through is that I never scored 4 GPA in my whole academic life while i studied for my bachelor. It means that I got deprived of prestige AND scholarship. My family had to pay a lot for my studies and I feel guilt and worthlessness. I made my family pay a lot of money, even though my overall above 3 GPA won me some minor discounts. But that's nothing. I will never experience this catharsis I desired and am left with a non-closed gestalt. I will have to live with that scar for the rest of my life since there is no bachelor 2",not depression,not depression,not depression,not depression
test_pid_3232,"Too broken to change what matters : I‚Äòm depressed, suicidal, lonely. General anxiety as well as social anxiety. 
Come from an abusive background, many things happened along the way and I grew smaller and smaller inside. 
I would love to have friends to hang out with. I would love nothing more than to love, feel loved and be loved. To feel comfortable in my skin. To feel safe. Confident. Optimistic. Happy. 
But to change all those things I would have to do things that are impossible for me. I don‚Äòt know how to approach people, especially not a girl I might like. I would not even know how to hold her hand or hug er, or anything closer than that. I‚Äòm scared of pretty much everything, don‚Äòt believe in myself, hate myself more than anyone else. It started over 10 years ago so I don‚Äòt think it will change either. I wish I had the guts to end it and that my family would not be hurt by it. 
Its very late, sorry for the ramble. It just sucks to want something that you are just not capable of. I honestly can not go much longer. 
Therapy, meds, all that shit help being productive but not helping me fix those things at their core. I‚Äòm just not ok",severe,moderate,moderate,moderate
test_pid_2833,Live for the weekend : Every week I work as hard as i can so I can do something on the weekend but then the weekend comes and I go oh I have no friends and I usually sleep till bout 1600 or so. Life is so shit. Just endlessly work then sleep then back to work. It pretty fucking pointless.,not depression,not depression,not depression,not depression
test_pid_1868,"i wrote a suicide note here a while ago : i regret i hadnt killed myself then. it has gotten so much worse. im shaking as I type this. i cant do this anymore.
to everyone im so sorry for everything i wasnt the person you illusioned yourself to love. 
park im so sorry i never got to tell you that i love you i wanted to last week but unexpectedly... thanks for making everything so much more bearable these past four years.
thanks for being so supportive on this sub everyone. its a leap year so ill only be mourned every four years hahahahahaha
bye :)",moderate,moderate,moderate,moderate
test_pid_715,"Too good at hiding my emotions : I got complimented about looking happy...except I feel like shit on the inside. I don't know what to make of it.
I used to suffer from depression and anorexia to an extent. I've gotten a lot better, but have recently started isolating myself and consistenly feeling tired more. Fortunately, my earing patterns are still quite goosm however, specifically with isolating myself, people I used to be around have also noticed by joking around how I've been MIA for the last couple of months. IDK if it's just bc I'm tired (I'm in college and consume ~240mg of caffeine a day, or 2-3 cups of coffee a day) or bc of smth worse. There have been months where I have more caffeine (300mg+) before and didn't isolate myself. Is this something for concern?",moderate,moderate,moderate,moderate
test_pid_699,"34/M - Sharing my story. Freedom from severe depression! : Hello everybody. I just wanted to share my personal experience with major depression in the hopes that I may provide some inspiration, motivation to those that are struggling! This will be long, I would prefer not to summarize things!
For nearly two decades, I had major depressive disorder - I felt completely overwhelmed by my depression. It ate up all my mental (and physical) energy, like a vampire within my own mind that I felt I couldn't get rid of. This affected my self-worth, lowered my self-image, and made me feel ashamed to interact with other people, because I was ashamed of myself, and I didn't want anybody to see that part of me. Therefore, I spent a lot of time isolating myself from others and have had very few close friends that I felt I could be truly honest with.
I saw numerous counselors, psychiatrists, life coaches, psychoanalysts, you name it. I tried 12 different medications, and I even had 52 neurofeedback sessions spread out across 4 months. I was determined to become free, to live a better life. During those nearly two decades, I would try a new therapist, or new medication, or new workout routine, or new diet - and in the beginning, it wouldn't work out the way I expected. Often, I would find that most things just ""covered up"" the depression, but didn't help permanently dissolve it. This led to a (seemingly) never-ending cycle of building the courage to not lose hope, try something new to treat the depression, become discouraged or disillusioned that it wasn't working, then fall back into feeling victimized by my depression and retreating into social isolation, using drugs, masturbation, unhealthy food and other distractions as a placeholder for my sadness.
As I continued trying new treatments for the depression, even if it didn't work out the way I anticipated, with each new go,  I was unconsciously feeding energy to a very distant part of myself - a self that had the will to be more, to feel and share joy with others. It was the pure, innocent and loving part of myself that had been buried by the momentum of nearly two decades of negative beliefs, thoughts and physical acts. Ultimately, in choosing to keep going and not give up, I was also choosing to acknowledge and listen to this part of my self. As a result, I was gradually ""chipping away"" at the depression - making it more and more manageable, and less pervasive in my mind. Although again, I wasn't conscious of this at the time.
I just want to let anyone reading this know that I GENUINELY felt for the longest time that I was going to be depressed forever. I couldn't see a way out and thought of killing myself nearly every day of my life. And yet - as I am typing this, I am experiencing more mental freedom then I could have ever imagined. I would not be experiencing this if I had given up. I chose to keep going, even though I was afraid that I would fail again and become even more discouraged. Eventually, I found the right therapist, the right medication, I discovered neurofeedback, and things began to ""click"" for me. It was NOT an instant process, again it was gradual.
I can see now that my depression was just like a computer program that was projecting the same negative thoughts, beliefs into my mind. I realized that any specific belief or thought that REPEATS in my mind is NOT me - the true being that I am is a creative being. I also realized that how I feel at any given time is directly correlated with whether or not I have allowed these negative programs into my mind. But I CAN separate myself from these thoughts - I can detach myself from these thoughts, I do NOT have to let these thoughts in. I can let them die, until the depression machine loses its stored energy, and thus loses its power over my mind and how I feel.
Once I started becoming more and more conscious of this - I could detect the negative thoughts in my mind as they appear, and rather than being passive and allowing them in, or choosing to identify myself with these thoughts, I could go into a neutral state and instead choose to reject them. Then, I could more easily tap into my positive, loving, optimistic self. It's a lot like changing the channel to better one on a TV, except in my mind.  
Although I am still struggling from time to time, the depression is WAY less prominent, and I have so much more hope and faith that things will get better. And if I can do it - considering how hopeless I used to think things were, feeling like I was in a black hole of despair with no escape, and how many mistakes I have made that fed the depression - then I truly believe that everybody has the capacity to do it. It's a process, of course... but the journey of a hundred miles begins with the first step!",moderate,severe,severe,severe
test_pid_1298,"Depression hitting‚Äô harder than usual : Feeling worthless in this Chili‚Äôs tonight...
I‚Äôm unemployed and technically living at home, my entire life has felt like a series of chaos and trouble organizing anything to get anywhere. Woke up this afternoon depressed as hell about my shorty childhood, not the worst my heart goes out to others that have had that and wish them all the love and support to love and move and keep loving and moving. Intimacy is so hard I haven‚Äôt been in a real relationship before. I felt I held back all my life. College was supposed to be the years you don‚Äôt and even that I felt I had to restrict myself for structure that ended up in me just cha going my major a lot and graduating with less than a 3.0 gpa. I have no friends do either, I never felt I had any that likes me at all in the past. A lot of suppressing sexuality and self hating that changed when I hit 20, but felt I regressed back again to those dark moments of loneliness. Got bullied by a group of boys for being a lesbian before realizing I was later on all throughout middle school and had friends turn on me back then too. Family has been toxic and overly controlling and restrictive. Getting fired from shorty commission jobs and yelled at even though I was the only one to show up and working under the tables jobs between 13 to 23. I don‚Äôt have a car, I have a degree but debt. I don‚Äôt get much financial support, regret not loving out earlier and toxic family trying to force codependence. Regret not having more fun and things from growing up and falling in love more. Wanting to work in journalism and nonprofit as a part of committee maybe a head or spokesperson or even just a member. Regretting not working more and doing more internships and clubs in college and working harder to make closer lasting friends. I close myself off way too much and am doing so more and more to my detriment. I feel my stomach closing in thinking of bad memories and how worthless I feel it‚Äôs so hard. I just feel so behind in everything and felt all my attempts at everything went wrong and I‚Äôm just here I‚Äôm a pit. I have nothing and feel insanely depressed because I feel like at one point I wanted to live out a childhood fantasy but that lead to just further wasting time and not doing anything productive. 25 turning 26 in the summer and feeling like shit and everyone around can see that.",moderate,moderate,moderate,moderate
test_pid_2316,Does anyone care? : [removed],not depression,not depression,not depression,not depression
test_pid_2798,im so fucking lonely : here I am thinking how much better life would be if i had friends and scared to death that someone is gonna knock on my door and make me talk to them,not depression,not depression,not depression,not depression
test_pid_1117,"Will they put me in the psychiatric facility ? : I‚Äôm going to try to set up an apt to speak with a psychiatrist about my depression and I‚Äôm a little nervous as to whether or not they would try to put me in a facility if I told them 100% how I‚Äôve been feeling.  Ok so over the past year, I have isolated myself to the point where when I‚Äôm with my friends, I feel like they‚Äôre wondering why I‚Äôm even there because I haven‚Äôt hung out with them in so long. I rarely eat, and will be lucky if I manage to get 1000 calories a day. I used to love working out, going 6 days a week but I don‚Äôt care anymore and haven‚Äôt been in months. I‚Äôm an insomniac (it‚Äôs 4am as I‚Äôm writing this) and usually can‚Äôt get out of bed until 1pm. Also, I‚Äôve been having passive suicidal thoughts for a few months, but these past few weeks I have decided if I did do it, it‚Äôd be with pills, weed and zzzquil. (don‚Äôt know what kind of pills) I still don‚Äôt plan to do it but if I did, that‚Äôs how it‚Äôd be done.  Now I‚Äôm just wondering, with all that info, would they force me into a mental facility? I doubt I‚Äôll be this candid when they ask me but it‚Äôs truly how I feel and want to know, preferably from someone who‚Äôs been an in-patient, if they‚Äôd keep me. Sorry if this was confusing to read, I kept going back and deleting and rewriting shit",moderate,moderate,moderate,moderate
test_pid_1191,"why don't i want to get better : fuck i've been feeling and thinking about this for so long. i literally don't want to get better, my brain physically and mentally cringes/hates the feeling of me feeling better. i don't know why. i genuinely feel better now maybe because of my medication or my brain finally giving myself a break. but shit it freaking scares me so much what the fuck. i'm more unsettled feeling better than feeling depressed because i'm so used to being in a sad loop. i'm so confused and lost jesus fuck help",moderate,moderate,moderate,moderate
test_pid_3059,Overdosed a couple days ago : I've been feeling shit since then. Nurses asked if I regretted it I said yes but I was lying. I don't feel like I accomplished what I wanted to do. I never actually contemplated suicide before today. Told my fiance and he still left for work.,severe,moderate,moderate,moderate
test_pid_212,"Making yourself do things when all you want is to stay in bed : I struggle with this a lot. I had a few month stretch recently where i was just going to work coming home and getting high.
I‚Äôm still struggling with being so dependent on weed but I‚Äôve been doing other things to help escape this cycle. 
I started giving myself a chunk of time after work that I can‚Äôt sit down and watch tv/play games. Then I started trying to find things to keep me occupied. I‚Äôve been going to the gym and doing cardio and I go about 3x a week for a month now. 12x in a month is better than none! I‚Äôve been drinking less sodas and looking at ways to eat a little better. 
Basically I‚Äôm taking little steps in the right direction and not punishing myself for my struggles. Instead of giving up entirely cause I‚Äôm struggling with sobriety I‚Äôm finding positive ways to counteract it. When I started exercising I‚Äôve started caring more about what I‚Äôm consuming cause it‚Äôs hard to burn calories it‚Äôs easy to eat junk and snacks.
Idk what my point is. I guess I‚Äôm just proud of my efforts and wanted to share it with you guys.",moderate,moderate,moderate,moderate
test_pid_2004,Do I have depression? : I don‚Äôt feel sad but I have no energy or motivation at all. I can‚Äôt sleep and I‚Äôve gained 30 lbs over the past couple months.,moderate,moderate,moderate,moderate
test_pid_2655,"Will I ever find somebody as good as her? : So basically, I've been dating this girl for almost 2 years now. It was my first relationship in over 5 years and to say the least, it was a pretty good one. Other than having our ups and downs and arguments she was always there for me, she didn't leave when I told her I had no money in my bank account, she actually tried wiring me money but I didn't accept the transfers, this had happened multiple times.. The only times I was truly happy was when I was with her, we were together almost every day for the past 2 years, cuddling together, making love together, hugging each other. But the past few months have been hard, we've been arguing a lot, almost every other day and we've blocked each other now countless times. I think she got fed up with me because last week she blocked me on everything and just ghosted me, I've tried making new numbers to text her and I get no response, it kills me to know what she's doing? If she's with somebody else, if they're making love together. She was my real first love and I think I'll never be able to get over her.. I'm so fucking sad.",not depression,not depression,not depression,not depression
test_pid_2315,"Becoming Independent : Lately i've been very depressed about the idea of becoming independent and growing to be an adult. Im 17 and I'm suppose to gradate this year, but never have this feeling of anxiousness  and fear not *dwell* on me. growing up i was very sheltered and till this day i still consider myself sheltered. I've never really gone out and seen the world, I've only been informed of the dangers by my mom because luckily she got to see it herself. And while i am so pleased that i was told about those dangers unlike some people who've been sheltered, it feels as though i cannot entirely accept that fact. I'm a very sensitive person and I dont even know how to defend myself. throughout my years of schooling, I've always been bullied and too afraid to defend myself, I don't know where this trait of mine came from because I consider both of my parents to be very guarded and defensive. I hate the fact that I haven't developed that side to me. another thing about me is that I'm almost like a baby inside. Can't handle too much pressure. At home i act like a little kid but once i step foot into the outdoors, there's like this mask that comes upon me out of nowhere, and I feel as though i have to behave as this sophisticated being. idk how to act like myself in public. im always hiding my true feelings because im afraid of judgment. the person that people have perceived me to be is not at all how i perceive myself. I'm not defensive, i'm not assertive, and i don't even know who i am. I'm a sensitive child inside who on the outside is looked to be something im not. and i honestly hate it. today I asked a woman if i could borrow her phone and she gave me a rude stare, as though she was disgusted with me and my overall presence. On the outside I looked like i couldn't care less that she behaved that way towards me, but in reality i was going to cry my eyes out. little things really hurt me and it sucks that im that way. I really wish i was this bold person who could handle a kick in the ass,but I can't handle anything and it makes me worry to death about the future. I've been very depressed about the idea of being on my own and getting out into the real world, because this world is so cruel and i don't think i could possibly handle it. I feel like im too sensitive in this world and everyone runs over me. People tell me im independent. and of course that's because of my reputation of being an introvert. I like being alone but some if it has to simply do with not being judged or hurt, or not being accepted or whatever but i'll say this now. I am not independent and that's just the truth. I thought i was independent all these years but i feel as though im not. I can barley shop without freaking out because im so worried about what other people think of me. I can hardly order food alone. Talking on the phone and making important calls is an issue for me. Im so tired of people assuming im just this serious person who has their shit together because honestly that aint even me. Im just a child inside. :/// idk what this is but i guess you can call it a vent of mine. im sorry this is so unnecessarily long and all over the damn place.",not depression,moderate,moderate,moderate
test_pid_491,"I don't know if I can keep going. : I don't know if I can keep repeating this cycle. I'm 26 and have tried everything I can to fix my mental hang ups. I've been dealing with this for most of my life. I'm just not happy with my life and do not have the patients or strength to change it. I've tried. I feel hopeless with no direction. I'm married so I'm not alone. However it doesn't seem to help. I just know it'd be even worse without her. I also don't have the guts to kill myself as I guess I do still have hope. Maybe I'm just to afraid. So, I feel trapped. Trapped in a hell I designed. Some days are fine. But lately it's like I have bees in my brain or something. It's not even really that I'm sad. I'm just....broken. I'm not sure what to do. It for sure seems to get worse as the years go by.",moderate,moderate,moderate,moderate
test_pid_832,[ENTP 21M] OUTBURST: Suicide/Self-Isolation. Help me. : [removed],moderate,not depression,moderate,moderate
test_pid_536,"I'm not getting any response from companies I am applying for. Makes me think I'm not of any use. : I have applied for almost 50 jobs but not a single reply or call landed to my phone number.Those who replied to me said they will let me know but I'm still waiting for them. 
I started feeling like I am not worth it. My parents spent around $7000 in my education and I had a job of $557/month  for 1.2 years, which I left and then I pursued my passion as a profession. I started my second job with $350/month and after staying for 1.8 years with
$487/month I left that job to work on myself and get physically fit. But I just lost from my aim and goals and ended my life with $0 in my pocket.. So from past few months I've been trying to get a job but no one is replying me and I'm feeling depressed and unmotivated.",moderate,not depression,not depression,not depression
test_pid_1376,Sad : Have to get an mri on my brain soon n the fear is making my depression mood swings come back. Feel bad cause I keep snapping at everyone,moderate,moderate,moderate,moderate
test_pid_2088,"I hate my life : I've been struggling with my life and im not sure what to do. I am currently a sophomore transfer student and I went to a school all the way across the country. I don't want to be here anymore but I don't know where to go. I most definitely don't want to move home. im from la area would love to move back to la or ny. ive been looking up schools but I just can't find one. and I don't want to pay the application fees bc they're so expensive. I just feel lost in life. I have 1 friends who ive been friends with since I was a kid, and haven't been able to keep any other friends. and I have no family. my parents are divorced, and my mom has major issues and is the most toxic and awful person ive ever witnessed in my life. ive lived with my dad since high school because she's so awful, and he's alright we just don't agree on anything (when it comes to my life) which has torn us up a bit. I went to Florida with my mom for spring break because I was so desperate to do something and am flying back tomorrow and my schools spring break got extended for another week so I have absolutely nothing to do because I wasn't scheduled at work. and im in an apartment and can't get out of that lease for when my school becomes all online. I just want to break down because I have no idea what to do and what direction to go in. at the end of the day there's just a void inside of me of loneliness because of the lack of friends I have. I just want love. I just want a real place to call home",moderate,moderate,moderate,moderate
test_pid_289,Getting out of bed daily struggles : [removed],moderate,not depression,not depression,not depression
test_pid_1561,"How do you manage your depression? : I‚Äôm glad that when I‚Äôm having a depressive episode, I can come here and write how I‚Äôm feeling and share my thoughts/opinions/questions. That being said, how do you personally deal with your depression?",moderate,not depression,not depression,not depression
test_pid_1739,"Why am I so scared to ask for help ? : I desperately needed help for the last few years but I‚Äôm seriously at the end of the road . I know I need it but why am I so scared to ask for it . My life is full of stress and suicidal thoughts , I‚Äôve been smoking weed every night just so I can fall into a deep sleep . I‚Äôm starting to take benzos because my anxiety is so bad . I‚Äôm just sick and tired of it , but why am I so scared to help myself . Can someone please help me üò•  does anyone else feel this way ?",moderate,moderate,severe,severe
test_pid_105,"not everyone is supposed to live : i've been thinking about this lately, some of us are weak, some of us are weaker, its natural selection dude. if im fed up with my life i might just kms. thats all",moderate,not depression,not depression,not depression
test_pid_922,"Night time is the worst : It's dark, everyone is sleeping and all your thoughts come racing at the same time. Fuck",moderate,not depression,not depression,not depression
test_pid_427,"Don't want to lvie liek this, tired of it all : I'm absolutely tired of living liek I do - job which I absolutely hate and can't change, shitty overcrowded city, terrible culture around, worst possible climate, no supportive people in life and so on. I only wish to end it, this life doesn't worth a penny.",moderate,moderate,moderate,moderate
test_pid_3085,"My suicide attempt haunts me : After two years in therapy for my severe depression and anxiety I'm finally well enough to continue my studies and I can even meet people again. But this clarity and progress birthed a whole new struggle... the memories that haunt me every single day.
In 2018 I attempted to take my life. Twice. Luckily I survived both of them and came out physically unharmed but I think it has traumatized me really badly. I recently started getting these scary flashbacks and I often go into a dissociative state because of them. Everything gets blurry and nothing exists then except me and the terrible images of me trying to make my suffering end. Even the word ""suicide"" conjures in me the nauseatingly painful feeling I had during my attempts. 
It really interferes with the semi-regular life I have carefully built up from the ground... Do any of you have similar experiences to this? And if so, how do you cope with them? Any advice is very much appreciated.",severe,severe,severe,severe
test_pid_2092,is it bad that even after having a good day compared to the rest i still come home wanting to disappear. : [removed],moderate,not depression,not depression,not depression
test_pid_425,"depression symptoms have changed? : So last summer I was super depressed. The big symptoms were I felt like a major burden, couldn‚Äôt focus, didn‚Äôt eat a lot, and felt sad with myself and life.
Fast forward a couple months and Don‚Äôt have those symptoms but right now for the past 3-4 months I avoid social situations, excessive sleeping and fatigue.
Could I possibly be relapsing and not realize it till now? Or could these depressive symptoms be a sign of a coming relapse?",moderate,moderate,moderate,moderate
test_pid_169,"Am Tired : I'm so tired. All the time. I just want to sleep and fade away. Waking up and living is so much effort.
I just wish I could slip into nothingness and no one would miss me.",moderate,moderate,moderate,moderate
test_pid_66,"I would never say this out loud, but I just wanna get it out. : I see pictures of the people I went to school with on social media with their friends, not exactly ""Livin their best life"" or whatever, but just hanging out, doing nothing. I have never had someone I could just do nothing with. I've never had a best friend not even a close friend for that matter. It's not like I pushed people away, it just sorta happened. I became the one everyone completely forgot about and I don't even know when or how. Maybe it's just me, maybe all I can give are a few laughs and a hug and be forgotten forever. 
I just wish, just once I was someone's favourite person or at least have a few friends I could talk with. I'm not even on any group chats on any social media, that's how bad it is. 
My anxiety doesn't help either, right now I'm writing this on my notes app and I'm not even sure if I'll post this. Can you imagine? Having anxiety so bad that you can't even post something on a site like Reddit? 
I'm not looking for attention or anything, I'm just venting out. I had to get this out. It was getting crowded in here. 
(I'm gonna be posting this on a few subs, coz I'm not sure where this fits, so if you come across this more than once, Hello again!)
Thank you for listening.",moderate,not depression,not depression,not depression
test_pid_2287,"I just need a hug :  I hurt someone I deeply care about and even though the situation is okay-ish now I can't stop hating on myself. I feel like I always mess everything up somehow. I can't eat. I tried earlier and almost threw up. Now I'm trying to sleep, but I can't stop crying. I'm just so lame and I wish I could just get a hug.",not depression,not depression,not depression,not depression
test_pid_1308,I wish : I wish this collar that has me trapped here would just turn into a noose already,moderate,not depression,not depression,not depression
test_pid_2600,"I don‚Äôt deserve love : The people ive hurt.
The drugs ive done.
The suicide attempts ive committed despite the pain it would cause others.
I don‚Äôt deserve anyones love, im an awful person and I just want to kill myself to get rid of this awful pain.",not depression,moderate,moderate,moderate
test_pid_2714,"Its been 3 years, why cant i get over her? : Im not trying to go too much in detail because i dont want to divulge in the idea of her so much, ill just end up feeling worse so here it is in short.
-Was never a popular or fit guy
-Got better socially and physically but still had mental problems from growing up and still do
-Never had much hope finding a gf
-I feel everything in such a raw way that theres no filter
-Hard for me to connect with people in the first place, even harder to genuinely vibe with them
-Met a disney princess of a girl with eyes like gold
-Talked 1 to 2 months but felt like an eternity, like i knew her forever, never connected with someone like that in my life
-Went on 3 dates but feelings were overly intense already
-Everything was perfect
-Im pretty sure i was the one that messed up, can never know for sure
-Think she got scared because her last relationship ended badly
-Ended abrubtly
-Sent me into deep spiralling depression where i felt like i was dying, sobbing endlessly everyday, trying to get ""advice"" from every person i talked to or even never had before, just trying to get something that would make me feel any better or maybe it was just to vent
-Gained 50 pounds the next couple years
-Can still never think badly of her or stop blaming myself or stop ""opening the wound"" with thoughts of her
Its been years, i just dont know what to do at this point. Do you guys ever forget your first TRUE love, something  you feel like you might never have again just from how rare it was to happen in the first place? It was truly like seeing a unicorn, im not exagerating. Only thing thats kept me going is me trying to convince myself that ill be able to find someone like that again, no matter how many times i say it, i never fully believe myself although i want to. I also like to think that theres another dimension out there where it worked with me and her, that at least one of me is happy.
So thats where im at right now. Whenever i think of her i end up ruining my day and the next day at least, just opening up the wound and never having it fully heal. I know at least that i just wasnt ready to have a relationship with someone so good and i definitely, unfortunately, had to learn from it but i made sure of it i learned everything i could. Not gonna go through months of crying like a bitch for nothing.
I honestly dont know where im going with this, if anyone wants to relate and write there experiences, write any sort of advice, or just say ""same man, i feel you"", please do. I dont know what i need anymore, just that even knowing someone for little more than a month can manhandle you into shambled however hard or however long it chooses.
Thanks for reading, cheers.
Tldr: was a loner that feels too hard, met a unicorn, lost a unicorn, got big depresso",not depression,moderate,not depression,not depression
test_pid_186,"Screwed up in life. : I'm turning 30 this year casually living. no job, no qualifications and education to show for in life. I picked a lot of wrong choices in life. My only qualifications were working as a server for a few years and I'm basically unemployed now. I'm 43 credits out of 60 from getting my associates but I have no job. I know how badly I fucked. I want to resume school for my associates in science then hopefully transfer to a four year but I can't until fall semester and I've been constantly applying to all sorts of jobs for about 3 months now. I've only received rejections for my job applications. I have lost touch with all my old friends and currently have no friends to talk to because of my social anxiety and my introverted personality. I feel worthless and lonely.",moderate,moderate,moderate,moderate
test_pid_1256,"Navigating this alone. : My life has been full of fucked up tragedy and shit, and it seems to just keep happening. My two roommates are my best friends, but I‚Äôm at a point where I feel like every time I try to talk to them about this disease, it‚Äôs a burden. I‚Äôm tired of burdening people, but I‚Äôm feeling the crushing pain and weight of dealing with this disease and my life. I‚Äôve scheduled a therapy session, but it‚Äôs not something I can afford long term. I just don‚Äôt really know what to do anymore, and I can‚Äôt keep putting this on my friends. What can I do?",moderate,moderate,moderate,moderate
test_pid_1,"Im scared : This is it. I lie to myself every day and say ill make it out but i think this might just be it. 
I thought i wanted a girlfriend but i realize that what i really want is to feel loved. Ive spent 20 years on this earth but ive felt completely alone forever. My heart hurts. My subconscious taunts me every night only for me to wake up to the reality that im a loser who is not worth anyones time. 
Im scared i will live like this until the day i die.
Im being torn from the inside but im too much of coward to end it all.
Im sorry",moderate,moderate,moderate,moderate
test_pid_2272,"Birthday : Tomorrow is my birthday. I hate my birthdays. It's a reminder of how much I haven't achieved and how much more lonely I've become over the years. I'm turning 24 this year and it's such a weird thing to think I'm almost 30 and how unorganized and messy my life has become instead of getting better. I hate this day it's such a reminder of my own worthless existence. Can we just skip to the 28th.
Happy birthday to me.",not depression,moderate,not depression,not depression
test_pid_2520,"Why does physical discomfort (ie. cold, exercise, sleepiness, hunger) cause such a strong emotional response in me? : [removed]",not depression,not depression,not depression,not depression
test_pid_2027,"Struggling to see the light : I keep telling myself that I'm working toward something that will make everything better. A new sense of purpose and security. Every step along the way has been painful. I get discouraged and want to give up at any sign of difficulty. But I can't quit again because that's exactly why I have nothing to show for myself in my late 20s. 
How do some people just choose something that they want to do with their lives and achieve it? I guess I'm still relatively young but I've wasted an entire decade with my mental illness and self sabotage. I feel like it's too late for me and I missed my shot at happiness. Where's the reset button? Not feeling suicidal but I can't wait to die and just be done with all of it.",moderate,moderate,moderate,moderate
test_pid_2613,"Doing poorly in school : Im in my second semester of college and I feel like Ive hit a wall. I can't get myself motivated to study or work on homework or anything. And whenever I try to force myself I can't stay focused on my work for more than 10 minutes at a time. I don't think it's ADD because in High School I didn't have very many problems with that. My grades aren't great, especially Calculus 2 which I am definitely failing right now. I failed the first test and Im pretty sure Im gonna fail the midterm tonight. Does anyone have any past experience with this and can give me any advice?",not depression,not depression,not depression,not depression
test_pid_2888,does anyone else feel this? : [removed],not depression,not depression,not depression,not depression
test_pid_766,"Questioning My Sanity : I've fallen into the usual slump during the colder seasons. I feel heavily demotivated and as a result I've stopped attending lectures. My self care decreases during this time, as well. I also depersonalize much more than usual, often blanking out in the middle of doing an activity and being less engaged during any social interactions. Usually this is all tolerable and I can pick myself back up quickly, but it has been increasingly difficult to bounce back because of what I've learned about my ""friends"" that I live with.
It took me a while to realize my so-called friends that I'm living with are kind of assholes. And I'm potentially living with them next year. Anyways, I feel way more depressed and way more anxious in social situations nowadays and I don't know what to do. Negative thoughts keep clouding my head and the passive thoughts of suicide have started to increase. I don't know who to call my friends anymore and I've been questioning almost every little thing as of late. What should I do?",moderate,moderate,moderate,moderate
test_pid_115,"a little ramble : I (18F) don't know what to do. I feel so unlovable, yet I know there's so many people around me who do. My family, my friends, and even my pets (lol). They all do so much for me and I am so grateful but I still feel empty and unsatisfied. I'm so depressed and I know there's only so much the people around me can do, and they've already done more than enough. I tell myself that it's romantic love I want, but I shutdown whenever someone actually considers going on a date with me. I'm scared of meeting new people or something. I still hang around my ex and no matter how he tries to make it clear that we're done romantically, I still believe that somehow someday soon he's gonna take me back. I dunno, sorry for this rant.",moderate,moderate,moderate,moderate
test_pid_1278,"im alone myself but ready to help if anyone needs it : hi everyone.
i have no idea whether i have depression or not. i know that i'm an extreme overthinker. i cannot gain weight because of the stress i take of every small thing. i consider myself to be a terrible person.. i feel like everything is my mistake. everything that goes wrong is because of me. i feel like everyone out there is judging me.. i have started staying away from people. i don't have any friends actually. i have no best friend.. i feel alone..i'm a lazy person. i like to be alone now..i think ill get aged soon.. i just felt the need to say it..don't know why. maybe the idea that people might get me on this forum made me write it down... there's a lot on my mind... i don't know how and where to say it.. will anyone bother to listen or not..
anyways, surprisingly i'm good at giving pep talk. i talk to people and try to get them out of their issues and anxieties.. so if anyone wants to tell me his/her story, ill be there to listen... coz i know how it feels when nobody is there to listen to you..",moderate,moderate,moderate,moderate
test_pid_1927,"A strange Depression. : This is a throwaway. I've much on my shoulders, I just need to get it off. And I have nobody else. I mean, NOBODY. Very first post, please be reasonable.
I've been battling this since I was 12. Folks died within a month or two apart. I was sent to live with my guardian. I have since been lost, wandering the world in search of a purpose. I am overweight, not athletic. Not good at much. I know a lot about animals though, they were always something I could let my mind delve into. I'd dream of filming all the animals across the globe. But I knew it wouldn't happen. I tend to be pessimistic. Forgive me. My guardian who raised me basically tried their best,  know they did. But they were just too old and out of the ""parenting"" game to really do much. So I was left with NO guidance. No way to determine who I'd be. Sure I had family who had taken me out for fun nights at dinners, sleepovers with cousins. The usual. But back then, it seemed to be a daze of things. I felt the world spinning around me and my little bubble, where I wouldn't escape, but I could see everything taking shape around me.
I wrote a lot, I cried, A LOT. I stayed hidden away a lot. I just tried to be happy for everyone else, because I didn't want to burden them. I went through ALL types of counseling. It seemed to dull the pain from time to time. In my adult life, I ran rampant. I didn't do drugs other than smoke some pot which helped me with anxiety. I didn't have any children (still don't). I've been married for almost 5 years to someone who has helped so much but also has issues of their own which tend to shake me. I feel like a shaken soul. Just spinning around the earth, hearing, seeing, smelling and observing all the lives amongst me. I've not genuinely given up, but I certainly have lost much hope. I do believe in God, but it's not some crazy church bullshit. I believe we are created to serve a purpose. And I don't blame God because of free will. We all have obstacles and how we choose to deal with them is what helps define us and define our character (please don't bash, I wouldn't dream of harming someone else for their beliefs. I think you should be free to explore any beliefs you should choose. That is our choice)
I'm just in this whirlwind of struggle, anger, numbness to an extent. I've thought about dying, but I don't want to till it's my body's natural time. Till I run my clock out. I couldn't dream of taking my life because there is so much beauty I do get to see, and I enjoy the happiness of others. It's about what drives me. 
But down inside, into the very core is pain. Tears, anger, hatred, and self-loathing. I am trying to fight it each day with positivity but it is never enough. I  just want to feel normal. If there is such a thing...
Sorry for the long post and it might be really spotty. I'm kinda having a dark moment here, and thoughts tend to get foggy... Thank you for reading you guys. Stay supportive of those needing the shoulder.",moderate,moderate,moderate,moderate
test_pid_3233,"Today I opened up to my friends and it was a mistake. : A little back story on me, Like most everyone I don‚Äôt talk about my feelings to anyone and I hold in a lot of stuff because I don‚Äôt want to bother anyone and I‚Äôd rather help others before myself. I Some what recently got prescribed medication for it and it‚Äôs helped but each time a few months after I‚Äôve had to up the dosage multiple times because they just stop working. Recently it‚Äôs happened again I need to be put on something again because I‚Äôve been feeling like I‚Äôm back at square one. Today while my friends and I were all hanging out one them asked me if I was feeling ok because he noticed something was off and I told him ‚Äúnot really my medication has stopped working‚Äù. My friend who makes it known that he‚Äôs ‚Äúdepressed‚Äù asked me what I‚Äôm taking and I told him ‚Äúantidepressants‚Äù he then proceeds to tell me ‚Äúwhat I‚Äôve never seen you depressed, you‚Äôre not depressed I‚Äôm depressed‚Äù. He always seems to bring him being depressed up anytime he can and justifies his shitty actions because he‚Äôs ‚Äúdepressed‚Äù. It really just made me feel like shit because I tried opening up to people I thought I could trust and it just solidified my choice of just not opening up to just anyone. I‚Äôm Just gonna stick to hiding it.",severe,severe,severe,severe
test_pid_1539,"How do you know if you‚Äôre being manipulated? : My bf is always downplaying my depression. I forgot to take my pill yesterday so I feel like I‚Äôm going crazy today. I want to kill myself so bad because I‚Äôm just done with everything.
I told him how I feel and that I just need cuddles &amp; attention but he told me I don‚Äôt deserve affection because I made him mad earlier. 
My dog peed on my couch so I grabbed him and ran outside on the balcony (3rd fl apartment building). I forgot I was topless so he yells and me to get back in &amp; now he‚Äôs pissed. 
I didn‚Äôt even notice my boobs were out &amp; it‚Äôs not like anyone can see me on the 3rd floor anyway.
Every time we argue he always makes it to be my fault and ignores me until ‚Äúhe feels better‚Äù.
I constantly ask for more affection or for him to be nicer to me but he refuses because ‚ÄúI don‚Äôt take his feelings seriously either‚Äù (his feelings or being pissed that I accidentally ran outside topless).
My current bf is reminding me so much of my ex abusive bf lately &amp; it scares the hell out of me.
I can‚Äôt tell if he is really getting controlling &amp; manipulative or if I‚Äôm just seeing things wrong because of my past.
I feel like I‚Äôm going insane.
Please help me. I feel like I need to try to kill myself to get the affection I want.",moderate,moderate,moderate,moderate
test_pid_2360,does anyone else here ever feel like a shitty person even when you haven't done anything : [removed],not depression,not depression,not depression,not depression
test_pid_9,Antidepressants : Do antidepressants help if your not depressed? I started taking them to get through a rough patch and they have helped me - does this mean I technically have depression because I read online that antidepressants don‚Äôt help if your not depressed?,moderate,severe,moderate,moderate
test_pid_1355,"""Give back to society""? : For what ffs!? Society hasn't given me shit but a fucked up life full of bullying and pain.. Why the fuck would I give back to this shitty society which hates my kind in general....?",moderate,not depression,not depression,not depression
test_pid_686,"Don‚Äôt know what to do anymore : Everything in my life is great except for me because I‚Äôm sick. I have a great job, great boyfriend, and I live in San Diego. But no matter how hard I try to make myself get better, I hit a concrete wall go back to zero and never move forward. Only slowly getting more crazy and delusional. I feel like Im Moving from high function depression to can‚Äôt leave the house I‚Äôm so depressed. I can‚Äôt enjoy any of my hobbies now. I can‚Äôt finish anything I try to do. I‚Äôm constantly high or cross faded. It‚Äôs the only thing that numbs the pain. I never fully understood that phrase until now. My disorders are completely out of my control and I don‚Äôt know how to function anymore I feel like Im beyond help. Like I waited too long to seek help. Nothing seems to work. I‚Äôm too exhausted to try to help myself. I am physically incapable of taking care of myself. Thinking it‚Äôs time to go to the hospital but I‚Äôm too scared.",moderate,moderate,moderate,moderate
test_pid_1490,"anti-depressants questions : so i‚Äôve been really scared forever to get on meds for my depression. and i have two family members that take meds for other things like bipolar and depression but when they get off it they act like total different people. i am also scared that would happen to me if i got on meds. i already act so different when i go through depressive episodes and idealize suicide more so idk if it would help. and usually i know doctors will put you on random shit just to do so from experience. i just want other people‚Äôs input on what their experiences are with anti-depressants, which ones y‚Äôall have taken, and what not.",moderate,severe,severe,severe
test_pid_2383,"Support group perhaps? : Sup guys ,    I would like to know if there would any interest in  maybe creating a mail distribution list where some blokes can just mail each other  just to get things of their chest maybe get some advice if possible or even just some words of encouragement and if we make a friend or 2 it wont hurt things right ?   I am a 80's kid so for me its difficult to talk about these things with my family and friends i was taught to suck it up and take it like a man . 
As we all know the suicide rate among men are the highest perhaps because we were taught not to talk about our feelings  .  I don't know, all i know is we need some type of support structure.
Any case let me know if this would interest you.",not depression,not depression,not depression,not depression
test_pid_1232,"One bullet solves all my problems. : Honestly been thinking recently that I might just end it. As I‚Äôve been depressed for years and have been using hard drugs for awhile now. Went to rehab got clean and now have been using Meth for a solid 17 weeks straight. I literally have had no friends for awhile now and I‚Äôm just getting to that point of of killin myself. I don‚Äôt think I can quit using drugs anymore really like rehab didn‚Äôt work, sober houses didn‚Äôt or meeting, etc",moderate,moderate,moderate,moderate
test_pid_1845,"I feel so tired, exhausted and irritated : I don't know what to do, I feel so uneased everyday annoyed the fact that I feel irrated for unknown reason, I want to die but at the same time I don't want to experience death, i want to just disapear
.. I don't know... What to do
I don't even know why I decide to ramble in reddit tf....is wrong with me..",moderate,moderate,moderate,moderate
test_pid_1719,Just cut myself again i am considering about asking my mom for antidepressants but i‚Äôm so fucking scared any advice please? :,moderate,moderate,moderate,moderate
test_pid_340,"I made an alt to post about my depression and suicidal thoughts. I post more through my main. : Why did I even bother, not like I've got anything to hide.",moderate,moderate,moderate,moderate
test_pid_2022,"I don't know who needs to hear this, but... : [removed]",moderate,not depression,not depression,not depression
test_pid_1230,I start to notice something : I can't even think or dk simple things. I try to get out of bed to study for my exams and I can't and when i manage to get up I literally cannot remember what i read and study. I really need to pass these exams but it doesn't seem like i am gonna. Can someone tell me what to do??,moderate,not depression,not depression,not depression
test_pid_629,"Yelling into the void : I just want to put this somewhere else than my personal notebook. No need to reply. 
Fuck I want to die. I hate being alive. It‚Äôs all so pointless. I‚Äôm a failure. ‚Äò19 was a bad year. ‚Äò18 was a bad year. ‚Äò17 was just full on bittersweet but still full of regrets. I‚Äôm useless. I hate it.",moderate,moderate,moderate,moderate
test_pid_1158,"My failures in the past 2 years have culminated. I am done and broken. : Just 2 years ago I had an optimistic ""can do"" attitude. But I've been broken and demoralized. I feel like I am done for good. Out of the game. Failed a very expensive university degree TWICE. Lost my relationship. Lost my friends. Lost my mental health. Lost my confidence and positive outlook. And it's all my fault. Every single bit of it is my fault and the implications and realizations of all of it is coming down heavily since yesterday. I am in a free fall right now. I can't share with anyone because I have no friends and my family is on the other side of the continent. They do not really listen anyway when I try to share. I can't cry it all out either because of programming. It's all bottling up. I've made all the wrong choices...",moderate,moderate,moderate,moderate
test_pid_1314,"I don't want to be alone : But I feel like I'm a bother to others, so I distance myself and cry non-stop because I actually don't want to do it.",moderate,not depression,moderate,moderate
test_pid_1000,I‚Äôm so lonely : I wish a woman would go on a date with me,moderate,not depression,not depression,not depression
test_pid_2305,"Slowly turning it around! : Finally landed a job after sitting at home for 7 months. With the reinforcement from my therapist, and change in dosage on my medication i'm able to slowly swim back up from the darkness for a breather.",not depression,not depression,not depression,not depression
test_pid_921,"Anyone feel like the best years of your life are behind you? : I turn 30 next year and I feel so depressed knowing that I didn‚Äôt accomplish what I wanted in my 20s. Don‚Äôt get me wrong, I have some great memories. But it‚Äôs hard not feeling like I could have done a lot more. Maybe it‚Äôs feeling like that part of my life is over. 
I no longer fee the care free feeling of not worrying about anything. I feel like everything is so boring as you get older. Maybe I need to mature. I don‚Äôt care about stupid hobbies or starting a family or any of that shit that comes with getting older. I just want to do hood rat shit with my friends without worrying about saving for retirement. 
I feel like this is what the people that peaked in high school must have felt like once high school finished. Except it didn‚Äôt happen at once it kind of snuck up on me over the years. Slowly I started losing friends, stopped enjoying doing things I used to enjoy. I no longer feel like life is an adventure, it feels like I‚Äôm just filling time until it‚Äôs over.",moderate,moderate,moderate,moderate
test_pid_1412,"Finally Single : After 2 years being in a long distance relationship it finally has come to an end. The girl I dreamt about raising a family with &amp; getting married with pulled the trigger &amp; started dating some other guy without remorse. I'll admit I wasn't the best guy &amp; yeah I would start a fight with her most of the time, but nothing about me changed... even when I begged her to not do things I didn't like she still did them. Last summer before I left Mexico she cried &amp; begged me not leave... I just wonder how can you change feelings quick.... how can you forget how many times you cried for me to love you, to not leave you. Honestly I feel empty because now I have a reason to never ever talk to her. I hope with time I can forget you &amp; even though my brain hates you with a passion my heart still loves you..... I guess Together Forever was for a little bit.",moderate,not depression,not depression,not depression
test_pid_1855,"My Christian Parent: ""Your depression is caused by your lack of religion. I know how to solve your mental issues without a doctor, but you must listen to me."" : I recently opened up about my depression to one of my parents. I told them (not revealing the gender of my parent because I'm paranoid) about my depression and how these feelings are ruining my life.
Quickly this conversation turned to religion despite me not wanting to discuss it at all.
They started trying to emotionally manipulate me with claims like ‚Äúyou aren‚Äôt religious because you hate me‚Äù and ‚Äúyou‚Äôre just trying to use me as a tool to see the doctor.‚Äù A few years ago they even played the classic ‚ÄúI have failed as a parent‚Äù card. Gaslighting?
Eventually it got to the point where they threatened to leave the entire family if I went on anti-depressants (because supposedly I'm going to die of a brain disease if I take drugs and they don't want to go through that).
Mind you, I haven‚Äôt even gotten a diagnosis yet, nor have I even mentioned going on anti-depressants.
They‚Äòll gaslight (?) me during typical political and religious arguments too. ‚ÄúYou don‚Äôt believe anything I say‚Äù and ‚Äúyou respect these politicians more than me.‚Äù
My parents have given me everything, so I‚Äôm feeling conflicted just writing this. I need an outside perspective to determine if this is normal or not. 
What should I do going forward? Is my parent a narcissist or something? Obviously I need to see a doctor, but I don‚Äôt want to go through threats of disownment again.",moderate,moderate,moderate,moderate
test_pid_2865,"Any luck with holistic solutions? : Has anybody had any luck with holistic treatments, such as gut health, methylation etc?
(I tried to ask this earlier but the post didn't take.)",not depression,not depression,not depression,not depression
test_pid_2288,"thank you : Thank you all for everything, I've met some amazing people and heard stories that have helped me alot but I just can't take it anymore. It felt like a disservice to not take one last act of appreciation before I say my goodbyes. Thank you. God bless.",not depression,not depression,not depression,not depression
test_pid_1006,"I think I need help : For a while I've been feeling confused. I don't know how to get these words out of my mouth on how I'm feeling even though they're in my head. I just get into these swings of just being sad. It's gets frustrating, wanting to say something but can't, or trying to be happy, to the point where the only way to stop feeling that way is to hit something or myself. I don't want to be here. And it feels like every time I try to say anything they just don't listen. I don't understand what's wrong with me. I might be feeling sorry for myself, or being pitiful, I just felt I needed to say something, get it off my chest. I've been feeling like this for too long, and I want it to stop. I don't want to ignore the issue I've been ignoring for the past few years, but I also don't want to admit to myself that there's something wrong with me.",moderate,moderate,moderate,moderate
test_pid_907,"I think, therefore I am in a simulation : Life seems like such a twisted sick game. I wouldn't be at all surprised if choosing to end your own life leads to having to do it all over again because there's some unwritten rule we're not aware of that says 'you don't get to choose when'. When I think back over the last 50 years of my life and how much of that time was filled with angst and depression. How lonely I was as a child, the violence, the abuse, the everyday battle to keep going.. and for what? I had a religious upbringing but those teachings sound so far away from reality. What I can't get my head around is how a merciful God would end the life of those in the wrong religions, wtf! and does anyone know which one is the right one? This shit must be a simulation! I've been on the slide for a while and I wish it was all over. I think about my worklife before the suicide and the 8 months stay in hospital but I just feel so scarred by it all, I know I wouldn't cope going back, I can barely look after myself ffs, I'm just not ready yet but change might be coming whether I like it or not.",moderate,moderate,moderate,moderate
test_pid_305,"Part 2 of ? Reposted from main account so you could see the different parts easier : Idk how to link yet, so just go look at my profile it should be at the very top, under this post. So many of you who saw the post on my main said bring up whats wrong with me to a doctor. Well i talked to my parents about this, and they said that this could seriously jeopardize me going into the medical feild. Keep in mind, i still dont know if i have schizophrenia, but i know whatever the fuck is going on with having arguments with myself in my head, somethings not damn normal. It's gotten to the point where i cant concentrate in class, and when ever i dont have a distraction, my own voice starts saying stuff i dont fucking like. And now my eye keeps on twitching when ever i blink. Im scared my grades will start to drop again, because i went to hell and back trying to fix them. And i had my 3rd panick attack this week during math class. The first was sunday, at midnight where it was all dark and i started to have the bad thoughts again. I broke out into a sweat, it felt like the air was thick and i was suffocating. The second happened Monday night. Same deal. Didn't sleep both nights. Now my last one was during class. I felt claustrophobic in an open class room and the air, once again, felt thick. I started to breath fast, and even if someone tried to talk to me to snap me out of the trance, it felt Like i fell in a rabbit hole of my own thoughts. I am now considering suicide, as it feels like my only escape from this hell. Please give me some solution, because doctors is no longer an option.",moderate,not depression,moderate,moderate
test_pid_1270,"literally what am I supposed to do? : the counseling center at my college is booked for a *month*. I don‚Äôt even feel like i can make it to the end of the day - much less to the end of March. As hard as I‚Äôm trying to beat this myself, the s**cidal thoughts are back and I‚Äôm on my way to failing this semester. If I fail this semester, i won‚Äôt be able to come back to college. I don‚Äôt feel comfortable telling my friends this stuff. I know they say they will listen, but I also don‚Äôt feel like it‚Äôs fair. They all have their own lives and I don‚Äôt want to be a burden to my friends/add any trouble onto them. I can‚Äôt tell my family (long story). What am I supposed to do? I know that I need help and I‚Äôm trying so hard to get it and literally ***nothing*** is working.",moderate,moderate,moderate,moderate
test_pid_947,"Im so lonely : Hey guys just gonna vent a bit
I'm sitting here in my dorm after another failed attempt to meet people at a club. Almost 2 years I've been here and not one friend.
I would give anything in the world for a girlfriend but I've never had one and I'm 20. I have no experience at all.
The cold darkness outside is haunting me. The artificial top light is so depressing.
I'm seriously questioning if a girl will ever like me. Hell, if I'll ever even have friends again.
If I'm going to be alone forever then it's not worth me staying here. It would be just so easy to sleep forever.
It's just all so sad. I process everything as sad. Seeing other people makes me sad. Thinking about what I want in life is sad. Sad sad sad sad sad.
I really have been trying my best but how can I go on like this, all alone? 
I feel like my life is becoming past mending. I just want everything to be okay.",moderate,moderate,moderate,moderate
test_pid_74,"An endless cycle : I keep my distance from potential lovers because I know I'm not good enough for them, yet they continue to court me, make me truly believe it's all in my head. Once they have me, they slowly begin to turn on me. I'm no longer ""the most beautiful girl in the world"" I'm ""*sigh* yes babe you're pretty"" and that's only when I ask. 
And now, Years later, I've been cheated on. When asked why I get ""you know why, look at yourself"" like ??? I warned you didnt I? You had seen me for years prior to moving me into your life, I gave you so many presented opportunities to run without hurting me and you waited until years later to tell me you could never love someone who looks like me....and how could we blame you..",moderate,moderate,not depression,not depression
test_pid_197,"Definitely at a rock bottom : I can't even. 
Life has been so cruel to me since new years, and it's ridiculous how a single human being could take so many hits without a break. 
I've tried so hard to stay positive and afloat, but it's been wearing down on me. 
Not suicidal or anything yet, but coming pretty close. 
I just need a break..",moderate,moderate,moderate,moderate
test_pid_71,"Purgatory : I hate saying I'm depressed because I happy at times and I have life fairly easy.
I dont really want to die but I'm tired of living. I just want to start over. I fear that if I do take my own life I will hurt the people that ""care"" about me. I wish I could talk to my friends and family about my ""problems"" but I fear that they would think I'm doing it for attention. 
I constantly feel like I'm making things worse than they actually are is that normal?",moderate,moderate,moderate,moderate
test_pid_440,I'm done : I tried I really really did try but it wasn't worth it I'm done I'm saying goodbye to the world tonight it wasn't fun I hope the next ass has a fun time,moderate,not depression,moderate,moderate
test_pid_3241,"Feeling lonely. : Hi reddit, I haven‚Äôt posted to this sub before, but it‚Äôs been a hard day, and hard year, and I have nobody to listen.
I get that complaining isn‚Äôt going to make anything better in the long run, but I think it might help in the moment.
I got out of a relationship of just 6 months about a year ago. It was the happiest I‚Äôve ever been, and I remember thinking how perfect it was the whole time. It wasn‚Äôt, she was abusive. My therapist, family, friends, and her old friends all agree. I honestly don‚Äôt miss her at all, but I miss how she made me feel like somebody else could care about me, and love me like I love me.
I don‚Äôt have bad self esteem, in fact, I have great self esteem, but I do worry that I‚Äôm unlovable. I worry that no girl will ever put in the effort to get to know me because there are 20 other dudes who she wouldn‚Äôt have to try so hard to get to know. I worry my personality puts off everyone but people who‚Äôre so outgoing they already have somebody. I tell my therapist all the time that I don‚Äôt feel good enough for what I deserve. 
I guess if I need to hear anything, it‚Äôs that she‚Äôs out there, that there are girls out there who would really genuinely love me. My therapist tells me I need to meet a girl who‚Äôs very open minded, and loves to learn. It‚Äôs just like I said, I hope I‚Äôm not looking for more than I can ever dream of getting.
I think I‚Äôm worth it, and lately, it‚Äôs been better. Today was rough though.",severe,moderate,moderate,moderate
test_pid_2540,"I just seem to be loosing the will to care anymore : So long story short I've been struggling with  depression and anixety for a while now and over the last few months it's been spiking and I just feel like shit all the time, I hate a lot of things now and find myself wanting to just be alone and things that normally bring joy to people aren't doing it for me anymore. My family relationship isn't the best and they are all the way down in Georgia (I'm in Wisconsin) I hate where I live, I hate other people my age, I hate being gay, I hate my looks, hate my job, dentist told me out of the blue I have gum diease so that's fucking great even tho I brush my fucking teeth, mind you I'm only 23, I hate my job, can't tell real from fake friends, and overall I'm just not happy with my life. On paper I should be happy since I have my own luxury apartment. Nice car, good work ethic, can usually travel a few times a year, eat healthy and just seem like the nicest guy ever. But inside I just feel like shit. I honestly don't even feel 23 as most of those guys get to fuck around and not be full time adults but me? Nah I dont get that luxury. I know many people worse than me yet nothing bad ever happens to them or at the very least they have people around that give a shit about them. I honestly feel like no one gives a flying fuck about me anymore.",not depression,moderate,moderate,moderate
test_pid_1322,"My boss called me lazy : He asked when I was graduating and I told him I had another semester to go. He said it was fine because atleast I wasn't a super senior that partied like those dumb, lazy freshman. He congratulated me on taking a year off like a responsible person.
I didn't take a year off. I am a super senior. I just failed a bunch of classes. His comment made me feel so much worse about my situation.",moderate,not depression,not depression,not depression
test_pid_73,"I am so tired. Really, so so tired. : You know, I am a really hard working guy. I do what I have to do, I study, I work, I take care of my girlfriend (who has a serious case of depression etc), I am a good son. You could say I am a good citizen.  
But I am tired. Today I got drunk kind of in between doing dinner. I took shots while cooking, no one could see. This way everything is shit but at least I am drunk. I wish I had a joint.",moderate,not depression,not depression,not depression
test_pid_630,"Fair weather friends suck : Do not tell me that if I need to talk, you'll be there, do not tell me that I can come to you if I just need someone to listen and do not tell me to reach out to you if I'm feeling down, IF YOU DO NOT MEAN IT. 
I understand that a lot of people don't know what they're getting into, but you know what? Sitting there and using me as a lightning rod for all your problems and then trying to ditch me the second I need to talk or going as far as burning a bridge between our friendship because I had an episode around you and seeked ypur comfort, is ridiculous.
So to the ""friend: who just did this to me, who said, ""Sorry for ditching you the other day.."" - You didn't just ditch me, you ran for the hills, then came back when I was in a better place. I was there for you every time you needed me and when I have an episode, on the fence about ending my life and just needing someone to hear me and you run, that's just fucked up. 
You know that I'm not dangerous, that I wouldn't hurt you or anyone else. I wasn't screaming, I was crying and dud nothing but sit in bed and cry all day. So I don't know why you felt the need to ditch me. I'm sick of gaining friends who are fair weathered, but can sure tell me everything and beyond about how bad their life is.",moderate,not depression,not depression,not depression
test_pid_984,"I wont last much longer if this doesnt stop : The only thing i want to do is cry, drink and sleep. Nobody has ever tried to help me even though ive basically started crying in front them trying to explain how i feel. Including my mother. 
Im currently in my bed crying. Crying because i dont think my parents care. Crying because my friends (or atleast the people i usually call friends, im pretty certain they dont see me the same way) doesnt seem to care. Crying because my school performance is at an all time low, mainly because i either dont have enough energy to go to school or focus when im actually there. 
As i said, i dont think my ""friends"" even see me as a friend, nor do i matter to them. Atleast not as much as they do to me. I know im just a second choice. Im the person they talk to when their other better friends are busy. Nobody would choose to be with me if they had someone else there, and not ""invite"" me either. 
My mom said she wanted to help when i talked to her about how i feel (which i have three times), but she hasnt done shit. Actually she told me she forgot about it. Every. Single. Time. I would never forget if my child wouldve told me about their troubles. Fuck her. Fuck everything.
I dont know. Maybe im just chatting shit. I cant think clear, my mind is raising and i feel like im about to scream out loud any second. Hopefully it will end soon, but if it doesnt, i wont last very long.",moderate,moderate,moderate,moderate
test_pid_3084,"Well. Here we are. : Ended a five year friendship because I felt emotionally abused. I'm exhausted. And the suicide hotline last night just made me more suicidal by saying ""wow, your life sounds like a lot. Maybe you should go to the hospital for a while. "" 
I'll be honest with you, r/depression, I can't promise I won't do anything stupid. I am so tired.",severe,moderate,moderate,moderate
test_pid_365,I dont know when I'm real and when I'm faking : sometimes I cry from the smallest things. and the next second I'm poker face. sometimes I feel like I'm forcing/making myself cry to seem pitiful. every time my mother screams at me I cry. but then the next second I dont care. in my head I really dont care. but I cry and sob anyway. sometimes I'm sad. Sometimes I dont know if I'm fake sad. a lot of the time I have anger issues. a lot of the time I'm angry. A lot of the time I try to be selfless but lose control and get angry when a person's choice isn't the one I wanted. I'm fake nice. I'm fake selfless. I'm a fake person and I have no depth and nothing that I can say is honest about myself.,moderate,moderate,moderate,moderate
test_pid_2220,If anyone needs to talk just send me a dm I‚Äôm here to help if I can : [removed],not depression,not depression,not depression,not depression
test_pid_2924,"People with depression annoy me (pls read) : K I've said this before to people without any means to ""troll"" or whatnot. I just want to express my opinion but people don't want to accept my opinion or attempt to discuss it with me, really. Honestly I feel like if I'm open enough to my own idea that goes against 99% of what society says, I can be open to someone changing my mind/bringing info to alter my perspective.
So maybe the title is misleading. Maybe it isn't. I can't really tell but what I know is that I honestly can't stand hearing all these sob stories from people with depression....or what I like to say...""depression."" See I do believe mental illness is a thing. It's not anything set in stone because sure you can have underdeveloped parts of your brain and shit, but its all just a cluster of symptoms that will never be set in stone because all these diagnosis are made up just like anything else in the world, really. But anyway
Im sure we've all heard, or have all complained about, people who are so fucking nagging and sad all the time and attention seeking. I mean technically I am attention seeking at this moment because I am searching for replies and reactions from anyone reading this post. And my title was definitely attention grabbing because I can guarantee I caught the attention of many pre-teen girls (or boys (AND many also respectable women and men, who may or may not be mature and knowledgeable too). And no one can really stand them unless they're BSing themselves or are that exact person. But I'm talking people who are depressed in general... 
The thing is, I'm a total fucking hypocrite for this shit. I'm literally diagnosed with depression/anxiety/otber disorders that I don't want to mention because I'm afraid that there are some kids in here who will actually go research it and be like OMG I HAVE THAT TOO and have had my stays in hospitals, self harm, therapists, psychiatrists,  suicide attempts,  etc. Blah blah. Nothing new. But seriously I cannot hear someone talk about sadness and depression without wanting to roll my eyes. I MEAN I KNOW HOW TERRIBLE IM SOUNDING BUT I DO WANT TO WARN YALL THAT I DO NOT EXCERPT THIS ENERGY IN REAL LIFE. I'M VERY EASYGOING AND FRIENDLY IRL. 
I mean I think it might be because I've essentially made myself deal with everything myself. Not literally obviously because I've been in environments with psych professionals, but at this point I'm over it. I'm just sick of it. I'm absolutely sick especially of the people who are so fucking dependent on people and will do shit like get in a relationship to be ""happy"" and then when they break up, fall into some dumbass episode and go through the same cycle over and over. People who are dependent in general annoy me SO MUCH. 
People who nonchalantly bring up their issues too annoy me unless its in a closed environment with a close friend or something. Yeah I slip up because I like making jokes but when I make a joke about neglect or something I regret it immediately and am like ""this is the exact thing you hate,  improve for next time."" I just don't enjoy that type of attention seeking and when I do it impulsively I correct it for as long as I can.
I have a feeling this is because of my lack of a crutch as a kid or something. I mean I totally understand needing to open up but I think there's a time and place, not in front of 2 random people from school. 
Idk man. This is getting too long. Shit on me if you want. That will be fun for me. Or don't be mean and be nice üíìüíòüíúüíòüíïüíò also fun",not depression,not depression,not depression,not depression
test_pid_170,"Sex is good, but intimicy is what i really need : I'm sad as soon as i'm alone, my romantic realtionships don't last, i just want to be loved for who i am. I made out with my best female friend yesterday, even though i have no romantic interest in her. I forgot the girl's name that stayed at my place 3 days in a row last week. 
I just don't care anymore what i do. If i'm gonna kill myself anyways, why bother with what is right or wrong, not like it's gonna matter",moderate,moderate,moderate,moderate
test_pid_2755,EVERYBODY HATES ME : that's all.,not depression,not depression,not depression,not depression
test_pid_2542,"Ahahaha : Well for some reason I kept thinking about this scene in Bojack Horseman that the lady who kept asking for number said ""you have to get a number or I can't help with you Bojack Hor"". And ahahahaha Bojack Whore hahahahaha it totally cracked me up I don't even know why. I wonder how those ppl felt when they saw a weirdo with a ""I'm dead inside"" face suddenly starts laughing after passing them. Might think I'm a crazy killer or something?  Never had a joyful day like this before. Bojack Whore AHAHAHAHA.",not depression,not depression,not depression,not depression
test_pid_224,"I Just Want To Be Happy : I miss my old self. I want to be happy. I want to like myself and my body and the way I dress and my hair and my life. I have a good life. I have a life I should be happy about. But I‚Äôm not. 
I hate myself. I hate the way I talk, dress, how I look. I hate things that make me get upset and I hate trying to talk about it because I think I sound anything but someone who is looking for help.
I struggle so hard. I really just want to be happy.",moderate,moderate,moderate,moderate
test_pid_489,"Counting down the days : Thats all it feels like im doing, counting the days until ive decided ive had enough and im going to follow through to end it. Telling myself ""it gets better"" or ""its gonna be fine"" is how i got myself to this point ive tricked everyone into thinking ive been trying. Well i haven't im 19 and i still haven't planned for my life at all i do none of the work i have to do in order to break the cycle of anxiety and its my fault i deserve it for being such a useless person and i deserve to die i really hope im dead by the morning and unaware of the grave ive dug myself",moderate,moderate,moderate,moderate
test_pid_1729,"Does anybody know about a peer support for homeopathic treatments for depression/anxiety? : I've been searching for a support forum or subreddit that's for those battling depression and anxiety by using homeopathic methods such as supplements and diet to handle issues like methylation, SIBO, candida, copper overload, pyrrole disorder, etc.
I've been on this journey for about six months and have come so far from where I was. There is still progress to be made and I wish I could connect to those fighting the same battle.",moderate,not depression,not depression,not depression
test_pid_1659,How am I supposed to enjoy life if I dread it? : I‚Äôll always dread going to work and talking to people. I‚Äôll always dread and hate doing things that I don‚Äôt want do. I guess this is why I feel so depressed because these things are a big chunk of life and I have no choice but to do these things and feel like a slave. I‚Äôm just so tired of this life and I want to quit once and for all. There‚Äôs nothing I want from this existence so I might as well be dead.,moderate,moderate,moderate,moderate
test_pid_2722,... : I can't even smile properly,not depression,not depression,not depression,not depression
test_pid_1549,"I feel like i don't have the right to feel depress and is waiting till I'm able to have a job and get out of my house. : I feel like heck today because I hurt someone whom i loved the most ( my mom ) and somethings happen when i remembered that I have no rights and is basically not considered human in this house. I can't be tired, if i'm tired and is upset, i will get yelled at, i need to have all A's in my grade and even if i got an A, they will be asking for a 100. My sister told me she have it much worse and she isn't even depressed yet so why am I depressed? I never feel like i'm worth anything, everyone hates me and wanted me to die so why can't I? because i'm a coward, i'm too scared to hurt myself, because it hurts (duh) and sometime I hope that I could cut myself deeper and begone from this horrible place, but I love my mom and grandma and I am scared of how they will reacted. I never feel worth it, i feel like my life could've been someone else's because my mom have 2 abortions before and i wish that I was one of them but here i am. Am i the only one feeling like this?",moderate,moderate,not depression,not depression
